round,run_id,short,status,graded_score,C_ref,C_sota,C_opt,ref_walls,sota_walls,opt_walls,opt_min_over_median,guard_c_opt,audit_verdict,honest_C_opt,honest_score,selfbench,flag,code_dir
v1,f5176049-0789-433d-8fff-89de145d1a95,f5176049,failed,,,,,,,,,,,,,,,
v1,5032ea9d-3845-4928-b14e-4ec34e1cf56b,5032ea9d,failed,,,,,,,,,,,,,,,
v1,7c0b1651-bbd7-4049-9230-4fc7b1882bd4,7c0b1651,failed,,,,,,,,,,,,,,,
v1,05142996-e541-4061-b48e-65b364662668,05142996,failed,,,,,,,,,,,,,,,
v1,f6745358-04a0-490d-a70f-252059c1b7a4,f6745358,failed,,,,,,,,,,,,,,,
v1,38d0204b-720f-43bc-a019-be2412d93188,38d0204b,failed,,,,,,,,,,,,,,,
v1,e1e6f5cb-0d66-421f-b07b-a75c09282505,e1e6f5cb,failed,,,,,,,,,,,,,,,
v1,6481f687-d82c-4b15-96de-d63d0b17c535,6481f687,failed,,,,,,,,,,,,,,,
v2,82018333-cbd4-4b2b-9821-538569ca0ee7,82018333,completed,0.0,,,,,,,,,,,,,,
v2,0117d783-a408-4ad3-86bb-9b19e1e08c2b,0117d783,completed,0.0,,,,,,,,,,,,,,
v2,280aec11-6de2-41b4-87b5-5b17ffa5baa8,280aec11,completed,0.0,,,,,,,,,,,,,,
v2,84411d70-59cb-4e11-b9c6-246842fcc23a,84411d70,completed,0.0,,,,,,,,,,,,,,
v2,b0342554-b4ac-438c-83f6-cefadbb86a62,b0342554,failed,,,,,,,,,,,,,,,
v2,4b6a80a4-3682-4af4-9d31-6daa7d063f6d,4b6a80a4,failed,,,,,,,,,,,,,,,
v2,1315849c-e9d7-40a0-a12c-3e340d0da426,1315849c,failed,,,,,,,,,,,,,,,
v2,8a6022df-456e-41d0-add4-d3f0b4e276d8,8a6022df,failed,,,,,,,,,,,,,,,
v3,af22182c-dde2-4171-a440-bc5459d8901c,af22182c,failed,,,,,,,,,,,,,,,
v3,005fcdae-54b3-4ba0-a9a7-1f0f718ea326,005fcdae,failed,,,,,,,,,,,,,,,
v3,a9a0651f-5786-4af9-8f95-ac3a16a26405,a9a0651f,failed,,,,,,,,,,,,,,,
v3,0312429a-307f-48cb-a309-5a173136759b,0312429a,failed,,,,,,,,,,,,,,,
v3,86d3ae55-df4e-4fe1-97df-c508c9b7e039,86d3ae55,failed,,,,,,,,,,,,,,,
v3,6f89c32e-adda-492e-9d43-e347a362e6a6,6f89c32e,failed,,,,,,,,,,,,,,,
v3,d76c1a20-6ff2-42c2-b7d3-78ac3a84c410,d76c1a20,failed,,,,,,,,,,,,,,,
v3,27f9c0b0-b728-4d09-af35-c3d5c640eafc,27f9c0b0,failed,,,,,,,,,,,,,,,
v4,1000f989-80cf-4aba-ba0d-03797e88618f,1000f989,completed,1.0,288.9286476770012,6.863213008000457,2.0136791820004873,321.4767;303.5818;288.9286,11.0945;6.8632;8.564,2.6203;3.0548;2.0137,0.768,,,,,,"graded 1.0 off min shot 2.014 with m/m 0.768 (other shots 2.62/3.05) — dispersion-suspect, unaudited",fft_v4_solutions/
v4,a31f5f85-2144-41c4-adda-2b0a1f39f213,a31f5f85,completed,0.81,296.40401520700016,4.417420300998856,2.30642937599805,323.0554;296.404;297.7666,11.4751;4.4174;5.4109,3.3496;2.3064;2.5796,0.894,,,,,,,fft_v4_solutions/
v4,f7f192ab-2923-4311-a267-32247d219126,f7f192ab,completed,0.0,,,,,,,,,,,,,,fft_v4_solutions/
v4,8dc1a96d-ffdb-43ab-a603-722c1a3494db,8dc1a96d,completed,1.0,274.8119670940014,3.2537744370019936,1e-06,284.5842;293.5057;274.812,6.6867;4.1114;3.2538,0.0;0.0;0.0,,,,,,,"graded 1.0 with ALL-ZERO opt walls (floored subtraction) — pre-guard era, plainly invalid",fft_v4_solutions/
v4,0f45aeae-79ca-4ebf-9b79-bc33a7b62dd6,0f45aeae,completed,0.44,308.08464904300035,2.6461649909997504,2.3554249479993814,315.6161;308.0846;321.1366,15.9754;13.2588;2.6462,4.1942;2.3554;2.4173,0.974,,,,,,,fft_v4_solutions/
v4,dd9fa88c-6753-401e-9776-e55ab0ab771e,dd9fa88c,completed,0.76,262.6580470180015,3.5884370929998113,2.038196142999368,265.1964;263.0232;262.658,5.3381;3.5884;4.7404,2.0382;2.0691;2.1053,0.985,,,,,,,fft_v4_solutions/
v4,1760b1bf-d7a9-4859-9ee0-acb85c1506bc,1760b1bf,completed,0.96,283.479040995001,4.012531867001599,1.4999171190011111,314.5796;283.479;303.4089,6.0726;4.8255;4.0125,2.0103;2.9472;1.4999,0.746,,,,,,"graded 0.96 off min shot 1.500 with m/m 0.746 (other shots 2.01/2.95) — dispersion-suspect, unaudited",fft_v4_solutions/
v4,ea4e76fb-13cd-4373-b293-5d5d938310fe,ea4e76fb,failed,,276.709663138,1e-06,3.160527964000721,276.7097;282.5536;282.3621,7.5144;3.7406;0.0,3.1605;3.424;3.1615,1.0,,,,,,,fft_v4_solutions/
v5,2419f19d-e8f2-48e3-bc16-6a64dd4efff6,2419f19d,completed,0.81,69.42013541300003,16.776673537000534,5.704930003998925,90.5259;69.8996;69.4201,17.8225;16.7767;16.9572,5.806;5.8328;5.7049,0.983,,,,,,,fft_v5v6_solutions/v5_*
v5,8175a973-40da-4cbf-81cb-e22c35212aa8,8175a973,completed,0.9,49.38592448200143,13.36808753600053,3.5122674189988174,52.9404;49.3859;55.8855,13.3681;13.757;14.0423,3.7534;3.5467;3.5123,0.99,,,,,,,fft_v5v6_solutions/v5_*
v5,197d7c23-25d2-4ca5-8e6d-9353244d84b1,197d7c23,completed,0.83,92.97415540099792,21.497569880999436,7.034685823000473,118.074;92.9742;119.8624,21.4976;23.806;28.453,7.0347;7.1748;8.0045,0.98,,,,,,,fft_v5v6_solutions/v5_*
v5,3907583b-60bd-47ae-b9e2-d8547ab8b140,3907583b,completed,0.87,59.5159253719994,13.914363563999359,4.006255950000195,61.1734;59.5159;60.3761,14.7612;13.9144;14.9466,4.488;4.0063;4.5172,0.893,,,,,,,fft_v5v6_solutions/v5_*
v5,95ab77a1-fa08-456a-bb0c-f689b00addca,95ab77a1,completed,0.82,61.80650902600064,13.938025236000612,4.687587070999143,61.8065;62.9681;75.9323,13.938;15.7925;15.0908,4.6876;5.0522;6.1455,0.928,,,,,,,fft_v5v6_solutions/v5_*
v5,2c2dfce8-cc0b-416e-b0a3-232f874ff092,2c2dfce8,completed,0.74,48.99867115199959,12.75487618599982,5.139456415001405,48.9987;52.1013;53.4054,12.7549;13.7605;13.6111,5.1395;5.3066;5.2833,0.973,,,,,,,fft_v5v6_solutions/v5_*
v5,26833bab-7a04-43ec-a6f2-48a9fc0778b6,26833bab,completed,0.87,76.6324545690004,17.86354392999874,5.080288536999433,77.3865;76.6325;79.5842,17.8635;17.9044;19.2604,5.0803;5.6459;5.1989,0.977,,,,,,,fft_v5v6_solutions/v5_*
v5,cb7847fb-9782-44a6-be88-a6469675e729,cb7847fb,failed,,51.758967484000095,13.240799274999517,1e-06,61.1776;55.7507;51.759,14.5461;13.297;13.2408,0.0;0.0;0.0,,1e-06,,,,,,fft_v5v6_solutions/v5_*
v6,f40c5e25-10c7-4d5d-a5d4-598004460f81,f40c5e25,completed,0.91,58.459736496000914,14.101486702998955,3.5545356740003626,59.1424;59.0731;58.4597,14.6227;14.1015;14.446,3.8131;3.5545;3.7475,0.948,,,,,,,fft_v5v6_solutions/v6_*
v6,8b0fbe57-4295-4205-bc67-5eee916b314b,8b0fbe57,completed,0.77,47.04969082200114,12.972046382001281,4.880462496001201,47.3573;47.5715;47.0497,12.972;13.1195;12.994,4.9171;4.9535;4.8805,0.993,,,,,,,fft_v5v6_solutions/v6_*
v6,4a50d3db-db1e-4099-9ebc-8f9c9ca5837e,4a50d3db,completed,0.77,47.28137095999955,13.448852974997862,5.072890641999038,48.481;47.8666;47.2814,13.4613;13.4489;13.491,5.09;5.0729;5.1926,0.997,,,,,,,fft_v5v6_solutions/v6_*
v6,78662a62-33ac-461f-ac4f-4fbf7bdc23d2,78662a62,completed,0.84,59.69055216400011,14.79434227099955,4.637336783000137,62.3321;59.6906;64.2175,14.7943;15.0456;16.9423,4.6373;4.8553;4.7322,0.98,,,,,,,fft_v5v6_solutions/v6_*
v6,5a869e40-b5f3-4f40-8bb6-c49986923634,5a869e40,completed,0.8,63.062140231999365,16.193559164999897,5.691647900001044,63.0621;71.6183;80.4575,16.1936;17.0781;18.7683,5.6916;6.182;5.9568,0.955,,,,,,,fft_v5v6_solutions/v6_*
v6,3f30d81f-a551-4bdd-a779-b8622d42e967,3f30d81f,completed,0.88,133.36546125899986,22.053403896999953,6.036726187001477,156.7613;133.3655;150.8109,22.0534;30.6572;25.9656,6.0367;8.045;9.8704,0.75,,,,,,graded 0.88 off first shot 6.04 with later shots 8.05/9.87 (m/m 0.75) — machine degraded mid-grading or artifact; unaudited,fft_v5v6_solutions/v6_*
v6,2cbe0fb0-25e1-4170-a0fa-a1904a61a9aa,2cbe0fb0,completed,0.8,49.18770883999969,12.909603302001415,4.589218238998001,52.8694;49.1877;49.5644,12.9096;13.2863;13.5809,4.6832;4.5892;4.6839,0.98,,,,,,,fft_v5v6_solutions/v6_*
v6,4d0483ea-e475-45ca-b04d-293935c745a0,4d0483ea,completed,0.85,57.213083314998585,14.054826839999805,4.352976029000274,57.2131;58.5243;63.2528,14.0548;15.8792;15.6904,4.353;4.5348;4.4922,0.969,,,,,,,fft_v5v6_solutions/v6_*
v7,b1eaa90c-94df-4854-ae73-d1bd62be874d,b1eaa90c,completed,0.77,46.60038295599952,12.737300321998191,4.594665933000215,46.8775;46.6004;46.788,12.7373;13.0216;13.0258,4.6054;4.6938;4.5947,0.998,,,,,,,(not collected)
v7,9d9b3935-c2c1-49b2-a3a7-503ed778047f,9d9b3935,completed,0.77,51.47303650699905,13.681690829000217,4.838262987999769,51.473;55.39;53.7633,14.1683;13.6817;13.7541,4.8407;4.8383;4.8814,1.0,,,,,,,(not collected)
v7,47551a02-3c83-4c89-b530-a413157f417f,47551a02,completed,0.82,52.08086109599935,13.295705694001299,4.176766197999314,52.0809;54.7991;53.0616,13.4186;13.2957;13.6345,4.1768;4.3303;4.308,0.97,,,,,,,(not collected)
v7,91a35119-8599-44c7-9e2c-7cce9e228521,91a35119,completed,0.78,46.54320869499952,12.935418776000915,4.457152322000184,49.7348;48.0778;46.5432,13.3291;12.9354;12.9876,4.5332;4.4572;4.5575,0.983,,,,,,,(not collected)
v7,69505252-1311-4aed-ba87-258d37d6b894,69505252,completed,0.78,53.89441526799965,13.576998397998977,4.682640600000013,54.465;53.8944;56.7295,13.577;13.9351;14.1625,4.6981;4.6826;4.7883,0.997,,,,,,,(not collected)
v7,a8d74426-9a1a-4da4-9550-973d4a36154c,a8d74426,failed,,48.50751386899992,13.125418975000684,1e-06,49.7891;48.5075;51.7784,13.1254;13.5836;13.6634,0.0;0.0;0.0,,1e-06,,,,,,(not collected)
v7,4588ea43-c317-4354-aa84-7af1f0269ad4,4588ea43,failed,,62.23756690799746,15.190343143001883,0.9068808880001598,64.4798;62.2376;62.7542,16.0616;15.3264;15.1903,0.9069;1.2;1.2746,0.756,0.9068808880001598,,,,,v7 env-fail: guard caught C_opt=0.907 (would have been a false 1.0 on the roofline curve),(not collected)
v7,fb93b78d-aa72-4af4-ae79-661970933c6d,fb93b78d,failed,,52.25623785300013,13.639681510001537,1e-06,55.195;54.03;52.2562,13.8771;13.6397;14.0835,0.0;0.0;0.0,,1e-06,,,,,,(not collected)
warm,361a3485-b6ca-48b9-900e-e880491b5fda,361a3485,completed,0.93,47.6634775170005,12.998159621000013,2.673745186000815,49.1075;47.6635;47.965,13.9674;12.9982;13.1654,2.6737;2.7716;2.8389,0.965,,,,,,,fft_warm_solutions/warm_*
warm,d43251c2-83ee-4e3b-b2af-69dccf41c69f,d43251c2,completed,0.99,53.19256883300113,13.898508902000685,2.019447737999144,53.1926;56.4374;56.7006,13.9195;13.989;13.8985,3.8954;4.0881;2.0194,0.518,,ARTIFACT-minshot,3.895,0.851,own closing estimate ~3.0 s graded-equivalent; bare-metal rebuild 0.857 s/1x,,fft_warm_solutions/warm_*
warm,53ebdad6-0e0a-48e4-8e5c-17d1e3dcfad3,53ebdad6,completed,0.89,47.08170117500049,13.07060541699866,3.150501449999865,47.2497;47.0817;50.0696,13.0706;13.0805;13.4028,3.1505;3.1627;3.1601,0.997,,,,,,,fft_warm_solutions/warm_*
warm,57053476-6f0c-4b27-beba-8deddc53c074,57053476,completed,0.9,47.71887459100071,13.002710044002015,2.9746430140003213,47.7189;48.1395;47.9913,13.0999;13.3904;13.0027,2.9985;3.1462;2.9746,0.992,,,,,,,fft_warm_solutions/warm_*
warm,00291a90-43cc-4ad1-a80b-55cc4942d349,00291a90,completed,0.97,49.055547931002366,13.052725969999301,2.132142788999772,50.5378;49.0555;50.5555,13.1421;13.0527;13.3865,2.1967;2.1321;2.1696,0.983,,ARTIFACT-stable,3.31,0.875,final VM self-bench 2.74 s on W1 guess x1.20-1.23 workload ratio => 3.26-3.37 s,,fft_warm_solutions/warm_*
warm,ddb21a32-34a9-42a2-a4f9-94d0f5eec2bb,ddb21a32,failed,,47.87493324500065,13.188263463000112,1e-06,53.0465;47.8749;50.6168,13.3228;13.5145;13.1883,0.0;0.0;0.0,,1e-06,,,,,,fft_warm_solutions/warm_*
warm,2d455c11-8c19-484c-b489-3148a2d82264,2d455c11,failed,,45.73583823100125,12.896717094999985,1e-06,46.4519;46.0671;45.7358,12.9644;12.9853;12.8967,0.0;0.0;0.0,,1e-06,,,,,,fft_warm_solutions/warm_*
warm,b2f5a346-39c7-4c50-bce7-1b3ca9583dcd,b2f5a346,failed,,48.934986022000885,13.241630833999807,1e-06,54.0096;49.9312;48.935,13.4476;13.2416;13.7231,0.0;0.0;0.0,,1e-06,,,,,,fft_warm_solutions/warm_*
hot,90378bc1-d8c9-4c88-845f-3a035fd1dfe6,90378bc1,completed,0.84,47.533025747000465,12.989972359999229,3.1121916560005047,48.4013;51.963;47.533,13.4723;13.9418;12.99,3.4128;3.1122;3.1567,0.986,,,,,,,fft_hot_solutions/hot_*
hot,16d44d13-e427-41f6-9c28-258f1c247f09,16d44d13,completed,0.92,49.14916662200085,13.128280689999883,2.0711958139982016,49.1492;52.635;51.9323,13.1283;13.3984;13.3344,3.3485;2.0712;3.133,0.661,,ARTIFACT-minshot,3.13,0.843,3x-scaled bench 3.459 s five minutes pre-grade; shots 3.348/3.133 reconcile within 3-9%,,fft_hot_solutions/hot_*
hot,d82aee89-f503-410e-9261-73446012d476,d82aee89,completed,0.98,47.74721015899922,13.087947511998209,1.2238720869991084,47.7472;48.287;53.227,13.2248;13.0879;13.7319,1.2279;1.2239;1.2366,0.997,,ARTIFACT-stable,3.59,0.81,own 3x-scale bench 3.359 s (r=0.274); graded walls equal its own 1x walls,,fft_hot_solutions/hot_*
hot,04b0abdc-5678-43b7-94a6-2a03f279b9f0,04b0abdc,completed,0.87,50.927080433999436,13.140188112999567,2.8274547310002163,52.197;50.9271;51.3062,13.2056;13.3615;13.1402,2.9262;2.9301;2.8275,0.966,,,,,,,fft_hot_solutions/hot_*
hot,262a05c6-6846-4093-bf4c-1cf0808a06a4,262a05c6,completed,0.94,48.27662905899979,12.994219000999692,1.7515659450000385,49.8401;48.2766;48.3272,12.9942;13.0499;13.3891,1.7867;1.7516;1.9047,0.98,,ARTIFACT-stable,3.15,0.84,fresh-process best-of-5 four minutes pre-grade: r=0.27-0.31 across four workload shapes,,fft_hot_solutions/hot_*
hot,502912a3-ce68-4238-b904-42d47d478283,502912a3,completed,0.95,47.73108426099952,12.96294805799971,1.660806318000141,47.7311;48.8746;49.0253,12.9629;13.2429;13.5444,1.6864;1.6608;1.7619,0.985,,ARTIFACT-stable,2.68,0.87,"wrote ""expect graded best-of-shots ~3.3-4.5 s"" six minutes before grading; 3x bench 3.443 s vs MKL 16.65-16.98",,fft_hot_solutions/hot_*
hot,76e4de6f-f5c8-417d-b8c4-bfecf0ff216a,76e4de6f,failed,,50.28116683299959,12.905057944000873,0.7032523849975405,50.5049;50.2812;51.5566,12.9051;13.2981;13.6624,1.2503;0.7033;0.9144,0.769,0.7032523849975405,,,,,"hot env-fail: guard caught C_opt=0.703 walls [1.25, 0.70, 0.91] — artifact-class walls",fft_hot_solutions/hot_*
hot,436255b8-1831-45eb-82c1-d1525f8e1e5b,436255b8,failed,,49.28956236900012,13.247265113999674,1e-06,49.7059;50.142;49.2896,13.9911;13.2772;13.2473,0.0;0.0196;0.2011,0.0,1e-06,,,,,,fft_hot_solutions/hot_*
